name,group,physicians_number,s_sus_01,s_sus_02,s_sus_03,s_sus_04,s_sus_05,s_sus_06,s_sus_07,s_sus_08,s_sus_09,s_sus_10,m_sus_01,m_sus_02,m_sus_03,m_sus_04,m_sus_05,m_sus_06,m_sus_07,m_sus_08,m_sus_09,m_sus_10
Clinician 1,senior,1,1,4,5,4,4,1,2,1,5,1,5,1,5,1,4,1,4,1,5,1
Clinician 2,intern,2,2,1,5,1,4,2,5,1,4,1,4,1,4,1,4,2,5,2,5,1
Clinician 3,intern,3,1,2,3,4,4,4,2,2,1,5,4,1,4,2,4,2,5,2,4,3
Clinician 4,intern,4,4,5,5,4,5,4,4,1,4,5,5,1,5,1,5,1,5,1,5,4
Clinician 5,intern,5,4,1,4,1,4,1,5,1,4,1,4,1,5,1,4,1,4,1,4,1
Clinician 6,intern,6,4,1,5,1,4,1,5,1,5,1,5,1,5,1,5,1,5,1,5,1
Clinician 7,junior,7,4,1,5,1,5,2,5,1,5,2,4,2,4,2,2,3,5,5,5,1
Clinician 8,senior,8,5,1,5,5,5,1,5,1,5,3,3,1,5,4,5,1,5,1,4,3
Clinician 9,junior,9,4,2,4,4,5,2,5,1,4,1,4,4,4,5,5,1,4,2,5,4
Clinician 10,senior,10,4,1,2,2,5,2,5,1,4,2,5,1,5,1,5,1,4,1,4,5
Clinician 11,middle,11,1,1,5,1,3,1,1,1,5,1,2,1,5,1,5,1,1,1,5,5
Clinician 12,middle,12,3,1,5,1,5,1,3,1,5,1,3,1,5,1,5,1,5,1,5,1
Clinician 13,middle,13,1,2,5,1,4,1,4,1,5,4,5,2,4,1,5,1,5,1,5,1
Clinician 14,middle,14,1,1,5,1,3,1,4,2,4,2,5,1,5,1,4,1,4,1,5,1
Clinician 15,intern,15,5,1,4,1,5,1,4,1,4,1,5,1,4,1,4,1,4,1,5,2
Clinician 16,intern,16,1,1,5,1,4,2,4,1,4,2,3,1,5,1,5,1,5,1,5,1
Clinician 17,middle,17,1,2,4,2,4,2,3,2,4,1,4,1,4,1,5,2,3,1,5,1
Clinician 18,intern,18,2,1,5,1,5,1,5,2,5,2,4,1,5,1,5,1,5,1,5,1
Clinician 19,middle,19,1,2,4,1,4,5,4,2,4,2,4,2,5,1,4,5,3,2,3,1
Clinician 20,senior,20,1,1,4,2,4,3,4,2,4,2,1,2,5,1,5,1,4,1,4,2
Clinician 21,senior,21,1,1,2,1,2,4,4,1,4,4,5,2,5,1,4,2,4,1,4,5
Clinician 22,middle,22,2,2,4,2,5,2,4,1,4,2,4,3,4,1,5,3,5,1,5,1
Clinician 23,middle,23,1,1,5,1,5,2,4,2,4,1,2,1,4,1,5,1,4,2,4,2
Clinician 24,middle,24,1,1,4,1,4,1,5,1,5,1,5,1,5,1,5,1,5,1,5,1
Clinician 25,middle,25,4,1,4,1,4,2,5,1,4,4,5,1,4,1,5,1,5,1,4,1
Clinician 26,middle,26,1,1,4,1,4,1,5,2,4,5,5,1,5,1,5,1,5,1,5,1
Clinician 27,senior,27,1,1,5,1,4,2,5,2,5,4,3,2,4,1,5,1,5,1,3,1
Clinician 28,junior,28,1,1,5,1,5,1,5,1,4,1,3,1,3,1,5,5,5,1,5,1
Clinician 29,senior,29,1,1,5,5,5,1,5,1,3,3,5,1,5,5,5,1,5,1,5,3
Clinician 30,middle,30,4,1,5,1,5,1,5,1,5,1,5,1,5,1,5,1,5,1,5,5
Clinician 31,intern,31,2,1,5,1,3,1,4,1,3,1,5,1,5,1,5,1,5,1,5,1
,,physicians_number,,,,,,,,,,,,,,,,,,,,
,,1,,,,,,,,,,,,,,,,,,,,
,,2,,,,,,,,,,,,,,,,,,,,
,,3,,,,,,,,,,,,,,,,,,,,
,,4,,,,,,,,,,,,,,,,,,,,
,,5,,,,,,,,,,,,,,,,,,,,
,,6,,,,,,,,,,,,,,,,,,,,
,,7,,,,,,,,,,,,,,,,,,,,
,,8,,,,,,,,,,,,,,,,,,,,
,,9,,,,,,,,,,,,,,,,,,,,
,,10,,,,,,,,,,,,,,,,,,,,
,,11,,,,,,,,,,,,,,,,,,,,
,,12,,,,,,,,,,,,,,,,,,,,
,,13,,,,,,,,,,,,,,,,,,,,
,,14,,,,,,,,,,,,,,,,,,,,
,,15,,,,,,,,,,,,,,,,,,,,
,,16,,,,,,,,,,,,,,,,,,,,
,,17,,,,,,,,,,,,,,,,,,,,
,,18,,,,,,,,,,,,,,,,,,,,
,,19,,,,,,,,,,,,,,,,,,,,
,,20,,,,,,,,,,,,,,,,,,,,
,,21,,,,,,,,,,,,,,,,,,,,
,,22,,,,,,,,,,,,,,,,,,,,
,,23,,,,,,,,,,,,,,,,,,,,
,,24,,,,,,,,,,,,,,,,,,,,
,,25,,,,,,,,,,,,,,,,,,,,
,,26,,,,,,,,,,,,,,,,,,,,
,,27,,,,,,,,,,,,,,,,,,,,
,,28,,,,,,,,,,,,,,,,,,,,
,,29,,,,,,,,,,,,,,,,,,,,
,,30,,,,,,,,,,,,,,,,,,,,
,,31,,,,,,,,,,,,,,,,,,,,
,,physicians_number,,,,,,,,,,,,,,,,,,,,
,,1,,,,,,,,,,,,,,,,,,,,
,,2,,,,,,,,,,,,,,,,,,,,
,,3,,,,,,,,,,,,,,,,,,,,
,,4,,,,,,,,,,,,,,,,,,,,
,,5,,,,,,,,,,,,,,,,,,,,
,,6,,,,,,,,,,,,,,,,,,,,
,,7,,,,,,,,,,,,,,,,,,,,
,,8,,,,,,,,,,,,,,,,,,,,
,,9,,,,,,,,,,,,,,,,,,,,
,,10,,,,,,,,,,,,,,,,,,,,
,,11,,,,,,,,,,,,,,,,,,,,
,,12,,,,,,,,,,,,,,,,,,,,
,,13,,,,,,,,,,,,,,,,,,,,
,,14,,,,,,,,,,,,,,,,,,,,
,,15,,,,,,,,,,,,,,,,,,,,
,,16,,,,,,,,,,,,,,,,,,,,
,,17,,,,,,,,,,,,,,,,,,,,
,,18,,,,,,,,,,,,,,,,,,,,
,,19,,,,,,,,,,,,,,,,,,,,
,,20,,,,,,,,,,,,,,,,,,,,
,,21,,,,,,,,,,,,,,,,,,,,
,,22,,,,,,,,,,,,,,,,,,,,
,,23,,,,,,,,,,,,,,,,,,,,
,,24,,,,,,,,,,,,,,,,,,,,
,,25,,,,,,,,,,,,,,,,,,,,
,,26,,,,,,,,,,,,,,,,,,,,
,,27,,,,,,,,,,,,,,,,,,,,
,,28,,,,,,,,,,,,,,,,,,,,
,,29,,,,,,,,,,,,,,,,,,,,
,,30,,,,,,,,,,,,,,,,,,,,
,,31,,,,,,,,,,,,,,,,,,,,
,,physicians_number,,,,,,,,,,,,,,,,,,,,
,,1,,,,,,,,,,,,,,,,,,,,
,,2,,,,,,,,,,,,,,,,,,,,
,,3,,,,,,,,,,,,,,,,,,,,
,,4,,,,,,,,,,,,,,,,,,,,
,,5,,,,,,,,,,,,,,,,,,,,
,,6,,,,,,,,,,,,,,,,,,,,
,,7,,,,,,,,,,,,,,,,,,,,
,,8,,,,,,,,,,,,,,,,,,,,
,,9,,,,,,,,,,,,,,,,,,,,
,,10,,,,,,,,,,,,,,,,,,,,
,,11,,,,,,,,,,,,,,,,,,,,
,,12,,,,,,,,,,,,,,,,,,,,
,,13,,,,,,,,,,,,,,,,,,,,
,,14,,,,,,,,,,,,,,,,,,,,
,,15,,,,,,,,,,,,,,,,,,,,
,,16,,,,,,,,,,,,,,,,,,,,
,,17,,,,,,,,,,,,,,,,,,,,
,,18,,,,,,,,,,,,,,,,,,,,
,,19,,,,,,,,,,,,,,,,,,,,
,,20,,,,,,,,,,,,,,,,,,,,
,,21,,,,,,,,,,,,,,,,,,,,
,,22,,,,,,,,,,,,,,,,,,,,
,,23,,,,,,,,,,,,,,,,,,,,
,,24,,,,,,,,,,,,,,,,,,,,
,,25,,,,,,,,,,,,,,,,,,,,
,,26,,,,,,,,,,,,,,,,,,,,
,,27,,,,,,,,,,,,,,,,,,,,
,,28,,,,,,,,,,,,,,,,,,,,
,,29,,,,,,,,,,,,,,,,,,,,
,,30,,,,,,,,,,,,,,,,,,,,
,,31,,,,,,,,,,,,,,,,,,,,
,,physicians_number,,,,,,,,,,,,,,,,,,,,
,,1,,,,,,,,,,,,,,,,,,,,
,,2,,,,,,,,,,,,,,,,,,,,
,,3,,,,,,,,,,,,,,,,,,,,
,,4,,,,,,,,,,,,,,,,,,,,
,,5,,,,,,,,,,,,,,,,,,,,
,,6,,,,,,,,,,,,,,,,,,,,
,,7,,,,,,,,,,,,,,,,,,,,
,,8,,,,,,,,,,,,,,,,,,,,
,,9,,,,,,,,,,,,,,,,,,,,
,,10,,,,,,,,,,,,,,,,,,,,
,,11,,,,,,,,,,,,,,,,,,,,
,,12,,,,,,,,,,,,,,,,,,,,
,,13,,,,,,,,,,,,,,,,,,,,
,,14,,,,,,,,,,,,,,,,,,,,
,,15,,,,,,,,,,,,,,,,,,,,
,,16,,,,,,,,,,,,,,,,,,,,
,,17,,,,,,,,,,,,,,,,,,,,
,,18,,,,,,,,,,,,,,,,,,,,
,,19,,,,,,,,,,,,,,,,,,,,
,,20,,,,,,,,,,,,,,,,,,,,
,,21,,,,,,,,,,,,,,,,,,,,
,,22,,,,,,,,,,,,,,,,,,,,
,,23,,,,,,,,,,,,,,,,,,,,
,,24,,,,,,,,,,,,,,,,,,,,
,,25,,,,,,,,,,,,,,,,,,,,
,,26,,,,,,,,,,,,,,,,,,,,
,,27,,,,,,,,,,,,,,,,,,,,
,,28,,,,,,,,,,,,,,,,,,,,
,,29,,,,,,,,,,,,,,,,,,,,
,,30,,,,,,,,,,,,,,,,,,,,
,,31,,,,,,,,,,,,,,,,,,,,
,,physicians_number,,,,,,,,,,,,,,,,,,,,
,,1,,,,,,,,,,,,,,,,,,,,
,,2,,,,,,,,,,,,,,,,,,,,
,,3,,,,,,,,,,,,,,,,,,,,
,,4,,,,,,,,,,,,,,,,,,,,
,,5,,,,,,,,,,,,,,,,,,,,
,,6,,,,,,,,,,,,,,,,,,,,
,,7,,,,,,,,,,,,,,,,,,,,
,,8,,,,,,,,,,,,,,,,,,,,
,,9,,,,,,,,,,,,,,,,,,,,
,,10,,,,,,,,,,,,,,,,,,,,
,,11,,,,,,,,,,,,,,,,,,,,
,,12,,,,,,,,,,,,,,,,,,,,
,,13,,,,,,,,,,,,,,,,,,,,
,,14,,,,,,,,,,,,,,,,,,,,
,,15,,,,,,,,,,,,,,,,,,,,
,,16,,,,,,,,,,,,,,,,,,,,
,,17,,,,,,,,,,,,,,,,,,,,
,,18,,,,,,,,,,,,,,,,,,,,
,,19,,,,,,,,,,,,,,,,,,,,
,,20,,,,,,,,,,,,,,,,,,,,
,,21,,,,,,,,,,,,,,,,,,,,
,,22,,,,,,,,,,,,,,,,,,,,
,,23,,,,,,,,,,,,,,,,,,,,
,,24,,,,,,,,,,,,,,,,,,,,
,,25,,,,,,,,,,,,,,,,,,,,
,,26,,,,,,,,,,,,,,,,,,,,
,,27,,,,,,,,,,,,,,,,,,,,
,,28,,,,,,,,,,,,,,,,,,,,
,,29,,,,,,,,,,,,,,,,,,,,
,,30,,,,,,,,,,,,,,,,,,,,
,,31,,,,,,,,,,,,,,,,,,,,
,,physicians_number,,,,,,,,,,,,,,,,,,,,
,,1,,,,,,,,,,,,,,,,,,,,
,,2,,,,,,,,,,,,,,,,,,,,
,,3,,,,,,,,,,,,,,,,,,,,
,,4,,,,,,,,,,,,,,,,,,,,
,,5,,,,,,,,,,,,,,,,,,,,
,,6,,,,,,,,,,,,,,,,,,,,
,,7,,,,,,,,,,,,,,,,,,,,
,,8,,,,,,,,,,,,,,,,,,,,
,,9,,,,,,,,,,,,,,,,,,,,
,,10,,,,,,,,,,,,,,,,,,,,
,,11,,,,,,,,,,,,,,,,,,,,
,,12,,,,,,,,,,,,,,,,,,,,
,,13,,,,,,,,,,,,,,,,,,,,
,,14,,,,,,,,,,,,,,,,,,,,
,,15,,,,,,,,,,,,,,,,,,,,
,,16,,,,,,,,,,,,,,,,,,,,
,,17,,,,,,,,,,,,,,,,,,,,
,,18,,,,,,,,,,,,,,,,,,,,
,,19,,,,,,,,,,,,,,,,,,,,
,,20,,,,,,,,,,,,,,,,,,,,
,,21,,,,,,,,,,,,,,,,,,,,
,,22,,,,,,,,,,,,,,,,,,,,
,,23,,,,,,,,,,,,,,,,,,,,
,,24,,,,,,,,,,,,,,,,,,,,
,,25,,,,,,,,,,,,,,,,,,,,
,,26,,,,,,,,,,,,,,,,,,,,
,,27,,,,,,,,,,,,,,,,,,,,
,,28,,,,,,,,,,,,,,,,,,,,
,,29,,,,,,,,,,,,,,,,,,,,
,,30,,,,,,,,,,,,,,,,,,,,
,,31,,,,,,,,,,,,,,,,,,,,
,,physicians_number,,,,,,,,,,,,,,,,,,,,
,,1,,,,,,,,,,,,,,,,,,,,
,,2,,,,,,,,,,,,,,,,,,,,
,,3,,,,,,,,,,,,,,,,,,,,
,,4,,,,,,,,,,,,,,,,,,,,
,,5,,,,,,,,,,,,,,,,,,,,
,,6,,,,,,,,,,,,,,,,,,,,
,,7,,,,,,,,,,,,,,,,,,,,
,,8,,,,,,,,,,,,,,,,,,,,
,,9,,,,,,,,,,,,,,,,,,,,
,,10,,,,,,,,,,,,,,,,,,,,
,,11,,,,,,,,,,,,,,,,,,,,
,,12,,,,,,,,,,,,,,,,,,,,
,,13,,,,,,,,,,,,,,,,,,,,
,,14,,,,,,,,,,,,,,,,,,,,
,,15,,,,,,,,,,,,,,,,,,,,
,,16,,,,,,,,,,,,,,,,,,,,
,,17,,,,,,,,,,,,,,,,,,,,
,,18,,,,,,,,,,,,,,,,,,,,
,,19,,,,,,,,,,,,,,,,,,,,
,,20,,,,,,,,,,,,,,,,,,,,
,,21,,,,,,,,,,,,,,,,,,,,
,,22,,,,,,,,,,,,,,,,,,,,
,,23,,,,,,,,,,,,,,,,,,,,
,,24,,,,,,,,,,,,,,,,,,,,
,,25,,,,,,,,,,,,,,,,,,,,
,,26,,,,,,,,,,,,,,,,,,,,
,,27,,,,,,,,,,,,,,,,,,,,
,,28,,,,,,,,,,,,,,,,,,,,
,,29,,,,,,,,,,,,,,,,,,,,
,,30,,,,,,,,,,,,,,,,,,,,
,,31,,,,,,,,,,,,,,,,,,,,
,,physicians_number,,,,,,,,,,,,,,,,,,,,
,,1,,,,,,,,,,,,,,,,,,,,
,,2,,,,,,,,,,,,,,,,,,,,
,,3,,,,,,,,,,,,,,,,,,,,
,,4,,,,,,,,,,,,,,,,,,,,
,,5,,,,,,,,,,,,,,,,,,,,
,,6,,,,,,,,,,,,,,,,,,,,
,,7,,,,,,,,,,,,,,,,,,,,
,,8,,,,,,,,,,,,,,,,,,,,
,,9,,,,,,,,,,,,,,,,,,,,
,,10,,,,,,,,,,,,,,,,,,,,
,,11,,,,,,,,,,,,,,,,,,,,
,,12,,,,,,,,,,,,,,,,,,,,
,,13,,,,,,,,,,,,,,,,,,,,
,,14,,,,,,,,,,,,,,,,,,,,
,,15,,,,,,,,,,,,,,,,,,,,
,,16,,,,,,,,,,,,,,,,,,,,
,,17,,,,,,,,,,,,,,,,,,,,
,,18,,,,,,,,,,,,,,,,,,,,
,,19,,,,,,,,,,,,,,,,,,,,
,,20,,,,,,,,,,,,,,,,,,,,
,,21,,,,,,,,,,,,,,,,,,,,
,,22,,,,,,,,,,,,,,,,,,,,
,,23,,,,,,,,,,,,,,,,,,,,
,,24,,,,,,,,,,,,,,,,,,,,
,,25,,,,,,,,,,,,,,,,,,,,
,,26,,,,,,,,,,,,,,,,,,,,
,,27,,,,,,,,,,,,,,,,,,,,
,,28,,,,,,,,,,,,,,,,,,,,
,,29,,,,,,,,,,,,,,,,,,,,
,,30,,,,,,,,,,,,,,,,,,,,
,,31,,,,,,,,,,,,,,,,,,,,
,,physicians_number,,,,,,,,,,,,,,,,,,,,
,,1,,,,,,,,,,,,,,,,,,,,
,,2,,,,,,,,,,,,,,,,,,,,
,,3,,,,,,,,,,,,,,,,,,,,
,,4,,,,,,,,,,,,,,,,,,,,
,,5,,,,,,,,,,,,,,,,,,,,
,,6,,,,,,,,,,,,,,,,,,,,
,,7,,,,,,,,,,,,,,,,,,,,
,,8,,,,,,,,,,,,,,,,,,,,
,,9,,,,,,,,,,,,,,,,,,,,
,,10,,,,,,,,,,,,,,,,,,,,
,,11,,,,,,,,,,,,,,,,,,,,
,,12,,,,,,,,,,,,,,,,,,,,
,,13,,,,,,,,,,,,,,,,,,,,
,,14,,,,,,,,,,,,,,,,,,,,
,,15,,,,,,,,,,,,,,,,,,,,
,,16,,,,,,,,,,,,,,,,,,,,
,,17,,,,,,,,,,,,,,,,,,,,
,,18,,,,,,,,,,,,,,,,,,,,
,,19,,,,,,,,,,,,,,,,,,,,
,,20,,,,,,,,,,,,,,,,,,,,
,,21,,,,,,,,,,,,,,,,,,,,
,,22,,,,,,,,,,,,,,,,,,,,
,,23,,,,,,,,,,,,,,,,,,,,
,,24,,,,,,,,,,,,,,,,,,,,
,,25,,,,,,,,,,,,,,,,,,,,
,,26,,,,,,,,,,,,,,,,,,,,
,,27,,,,,,,,,,,,,,,,,,,,
,,28,,,,,,,,,,,,,,,,,,,,
,,29,,,,,,,,,,,,,,,,,,,,
,,30,,,,,,,,,,,,,,,,,,,,
,,31,,,,,,,,,,,,,,,,,,,,
,,physicians_number,,,,,,,,,,,,,,,,,,,,
,,1,,,,,,,,,,,,,,,,,,,,
,,2,,,,,,,,,,,,,,,,,,,,
,,3,,,,,,,,,,,,,,,,,,,,
,,4,,,,,,,,,,,,,,,,,,,,
,,5,,,,,,,,,,,,,,,,,,,,
,,6,,,,,,,,,,,,,,,,,,,,
,,7,,,,,,,,,,,,,,,,,,,,
,,8,,,,,,,,,,,,,,,,,,,,
,,9,,,,,,,,,,,,,,,,,,,,
,,10,,,,,,,,,,,,,,,,,,,,
,,11,,,,,,,,,,,,,,,,,,,,
,,12,,,,,,,,,,,,,,,,,,,,
,,13,,,,,,,,,,,,,,,,,,,,
,,14,,,,,,,,,,,,,,,,,,,,
,,15,,,,,,,,,,,,,,,,,,,,
,,16,,,,,,,,,,,,,,,,,,,,
,,17,,,,,,,,,,,,,,,,,,,,
,,18,,,,,,,,,,,,,,,,,,,,
,,19,,,,,,,,,,,,,,,,,,,,
,,20,,,,,,,,,,,,,,,,,,,,
,,21,,,,,,,,,,,,,,,,,,,,
,,22,,,,,,,,,,,,,,,,,,,,
,,23,,,,,,,,,,,,,,,,,,,,
,,24,,,,,,,,,,,,,,,,,,,,
,,25,,,,,,,,,,,,,,,,,,,,
,,26,,,,,,,,,,,,,,,,,,,,
,,27,,,,,,,,,,,,,,,,,,,,
,,28,,,,,,,,,,,,,,,,,,,,
,,29,,,,,,,,,,,,,,,,,,,,
,,30,,,,,,,,,,,,,,,,,,,,
,,31,,,,,,,,,,,,,,,,,,,,
,,physicians_number,,,,,,,,,,,,,,,,,,,,
,,1,,,,,,,,,,,,,,,,,,,,
,,2,,,,,,,,,,,,,,,,,,,,
,,3,,,,,,,,,,,,,,,,,,,,
,,4,,,,,,,,,,,,,,,,,,,,
,,5,,,,,,,,,,,,,,,,,,,,
,,6,,,,,,,,,,,,,,,,,,,,
,,7,,,,,,,,,,,,,,,,,,,,
,,8,,,,,,,,,,,,,,,,,,,,
,,9,,,,,,,,,,,,,,,,,,,,
,,10,,,,,,,,,,,,,,,,,,,,
,,11,,,,,,,,,,,,,,,,,,,,
,,12,,,,,,,,,,,,,,,,,,,,
,,13,,,,,,,,,,,,,,,,,,,,
,,14,,,,,,,,,,,,,,,,,,,,
,,15,,,,,,,,,,,,,,,,,,,,
,,16,,,,,,,,,,,,,,,,,,,,
,,17,,,,,,,,,,,,,,,,,,,,
,,18,,,,,,,,,,,,,,,,,,,,
,,19,,,,,,,,,,,,,,,,,,,,
,,20,,,,,,,,,,,,,,,,,,,,
,,21,,,,,,,,,,,,,,,,,,,,
,,22,,,,,,,,,,,,,,,,,,,,
,,23,,,,,,,,,,,,,,,,,,,,
,,24,,,,,,,,,,,,,,,,,,,,
,,25,,,,,,,,,,,,,,,,,,,,
,,26,,,,,,,,,,,,,,,,,,,,
,,27,,,,,,,,,,,,,,,,,,,,
,,28,,,,,,,,,,,,,,,,,,,,
,,29,,,,,,,,,,,,,,,,,,,,
,,30,,,,,,,,,,,,,,,,,,,,
,,31,,,,,,,,,,,,,,,,,,,,
,,physicians_number,,,,,,,,,,,,,,,,,,,,
,,1,,,,,,,,,,,,,,,,,,,,
,,2,,,,,,,,,,,,,,,,,,,,
,,3,,,,,,,,,,,,,,,,,,,,
,,4,,,,,,,,,,,,,,,,,,,,
,,5,,,,,,,,,,,,,,,,,,,,
,,6,,,,,,,,,,,,,,,,,,,,
,,7,,,,,,,,,,,,,,,,,,,,
,,8,,,,,,,,,,,,,,,,,,,,
,,9,,,,,,,,,,,,,,,,,,,,
,,10,,,,,,,,,,,,,,,,,,,,
,,11,,,,,,,,,,,,,,,,,,,,
,,12,,,,,,,,,,,,,,,,,,,,
,,13,,,,,,,,,,,,,,,,,,,,
,,14,,,,,,,,,,,,,,,,,,,,
,,15,,,,,,,,,,,,,,,,,,,,
,,16,,,,,,,,,,,,,,,,,,,,
,,17,,,,,,,,,,,,,,,,,,,,
,,18,,,,,,,,,,,,,,,,,,,,
,,19,,,,,,,,,,,,,,,,,,,,
,,20,,,,,,,,,,,,,,,,,,,,
,,21,,,,,,,,,,,,,,,,,,,,
,,22,,,,,,,,,,,,,,,,,,,,
,,23,,,,,,,,,,,,,,,,,,,,
,,24,,,,,,,,,,,,,,,,,,,,
,,25,,,,,,,,,,,,,,,,,,,,
,,26,,,,,,,,,,,,,,,,,,,,
,,27,,,,,,,,,,,,,,,,,,,,
,,28,,,,,,,,,,,,,,,,,,,,
,,29,,,,,,,,,,,,,,,,,,,,
,,30,,,,,,,,,,,,,,,,,,,,
,,31,,,,,,,,,,,,,,,,,,,,
,,physicians_number,,,,,,,,,,,,,,,,,,,,
,,1,,,,,,,,,,,,,,,,,,,,
,,2,,,,,,,,,,,,,,,,,,,,
,,3,,,,,,,,,,,,,,,,,,,,
,,4,,,,,,,,,,,,,,,,,,,,
,,5,,,,,,,,,,,,,,,,,,,,
,,6,,,,,,,,,,,,,,,,,,,,
,,7,,,,,,,,,,,,,,,,,,,,
,,8,,,,,,,,,,,,,,,,,,,,
,,9,,,,,,,,,,,,,,,,,,,,
,,10,,,,,,,,,,,,,,,,,,,,
,,11,,,,,,,,,,,,,,,,,,,,
,,12,,,,,,,,,,,,,,,,,,,,
,,13,,,,,,,,,,,,,,,,,,,,
,,14,,,,,,,,,,,,,,,,,,,,
,,15,,,,,,,,,,,,,,,,,,,,
,,16,,,,,,,,,,,,,,,,,,,,
,,17,,,,,,,,,,,,,,,,,,,,
,,18,,,,,,,,,,,,,,,,,,,,
,,19,,,,,,,,,,,,,,,,,,,,
,,20,,,,,,,,,,,,,,,,,,,,
,,21,,,,,,,,,,,,,,,,,,,,
,,22,,,,,,,,,,,,,,,,,,,,
,,23,,,,,,,,,,,,,,,,,,,,
,,24,,,,,,,,,,,,,,,,,,,,
,,25,,,,,,,,,,,,,,,,,,,,
,,26,,,,,,,,,,,,,,,,,,,,
,,27,,,,,,,,,,,,,,,,,,,,
,,28,,,,,,,,,,,,,,,,,,,,
,,29,,,,,,,,,,,,,,,,,,,,
,,30,,,,,,,,,,,,,,,,,,,,
,,31,,,,,,,,,,,,,,,,,,,,
,,physicians_number,,,,,,,,,,,,,,,,,,,,
,,1,,,,,,,,,,,,,,,,,,,,
,,2,,,,,,,,,,,,,,,,,,,,
,,3,,,,,,,,,,,,,,,,,,,,
,,4,,,,,,,,,,,,,,,,,,,,
,,5,,,,,,,,,,,,,,,,,,,,
,,6,,,,,,,,,,,,,,,,,,,,
,,7,,,,,,,,,,,,,,,,,,,,
,,8,,,,,,,,,,,,,,,,,,,,
,,9,,,,,,,,,,,,,,,,,,,,
,,10,,,,,,,,,,,,,,,,,,,,
,,11,,,,,,,,,,,,,,,,,,,,
,,12,,,,,,,,,,,,,,,,,,,,
,,13,,,,,,,,,,,,,,,,,,,,
,,14,,,,,,,,,,,,,,,,,,,,
,,15,,,,,,,,,,,,,,,,,,,,
,,16,,,,,,,,,,,,,,,,,,,,
,,17,,,,,,,,,,,,,,,,,,,,
,,18,,,,,,,,,,,,,,,,,,,,
,,19,,,,,,,,,,,,,,,,,,,,
,,20,,,,,,,,,,,,,,,,,,,,
,,21,,,,,,,,,,,,,,,,,,,,
,,22,,,,,,,,,,,,,,,,,,,,
,,23,,,,,,,,,,,,,,,,,,,,
,,24,,,,,,,,,,,,,,,,,,,,
,,25,,,,,,,,,,,,,,,,,,,,
,,26,,,,,,,,,,,,,,,,,,,,
,,27,,,,,,,,,,,,,,,,,,,,
,,28,,,,,,,,,,,,,,,,,,,,
,,29,,,,,,,,,,,,,,,,,,,,
,,30,,,,,,,,,,,,,,,,,,,,
,,31,,,,,,,,,,,,,,,,,,,,
,,physicians_number,,,,,,,,,,,,,,,,,,,,
,,1,,,,,,,,,,,,,,,,,,,,
,,2,,,,,,,,,,,,,,,,,,,,
,,3,,,,,,,,,,,,,,,,,,,,
,,4,,,,,,,,,,,,,,,,,,,,
,,5,,,,,,,,,,,,,,,,,,,,
,,6,,,,,,,,,,,,,,,,,,,,
,,7,,,,,,,,,,,,,,,,,,,,
,,8,,,,,,,,,,,,,,,,,,,,
,,9,,,,,,,,,,,,,,,,,,,,
,,10,,,,,,,,,,,,,,,,,,,,
,,11,,,,,,,,,,,,,,,,,,,,
,,12,,,,,,,,,,,,,,,,,,,,
,,13,,,,,,,,,,,,,,,,,,,,
,,14,,,,,,,,,,,,,,,,,,,,
,,15,,,,,,,,,,,,,,,,,,,,
,,16,,,,,,,,,,,,,,,,,,,,
,,17,,,,,,,,,,,,,,,,,,,,
,,18,,,,,,,,,,,,,,,,,,,,
,,19,,,,,,,,,,,,,,,,,,,,
,,20,,,,,,,,,,,,,,,,,,,,
,,21,,,,,,,,,,,,,,,,,,,,
,,22,,,,,,,,,,,,,,,,,,,,
,,23,,,,,,,,,,,,,,,,,,,,
,,24,,,,,,,,,,,,,,,,,,,,
,,25,,,,,,,,,,,,,,,,,,,,
,,26,,,,,,,,,,,,,,,,,,,,
,,27,,,,,,,,,,,,,,,,,,,,
,,28,,,,,,,,,,,,,,,,,,,,
,,29,,,,,,,,,,,,,,,,,,,,
,,30,,,,,,,,,,,,,,,,,,,,
,,31,,,,,,,,,,,,,,,,,,,,
,,physicians_number,,,,,,,,,,,,,,,,,,,,
,,1,,,,,,,,,,,,,,,,,,,,
,,2,,,,,,,,,,,,,,,,,,,,
,,3,,,,,,,,,,,,,,,,,,,,
,,4,,,,,,,,,,,,,,,,,,,,
,,5,,,,,,,,,,,,,,,,,,,,
,,6,,,,,,,,,,,,,,,,,,,,
,,7,,,,,,,,,,,,,,,,,,,,
,,8,,,,,,,,,,,,,,,,,,,,
,,9,,,,,,,,,,,,,,,,,,,,
,,10,,,,,,,,,,,,,,,,,,,,
,,11,,,,,,,,,,,,,,,,,,,,
,,12,,,,,,,,,,,,,,,,,,,,
,,13,,,,,,,,,,,,,,,,,,,,
,,14,,,,,,,,,,,,,,,,,,,,
,,15,,,,,,,,,,,,,,,,,,,,
,,16,,,,,,,,,,,,,,,,,,,,
,,17,,,,,,,,,,,,,,,,,,,,
,,18,,,,,,,,,,,,,,,,,,,,
,,19,,,,,,,,,,,,,,,,,,,,
,,20,,,,,,,,,,,,,,,,,,,,
,,21,,,,,,,,,,,,,,,,,,,,
,,22,,,,,,,,,,,,,,,,,,,,
,,23,,,,,,,,,,,,,,,,,,,,
,,24,,,,,,,,,,,,,,,,,,,,
,,25,,,,,,,,,,,,,,,,,,,,
,,26,,,,,,,,,,,,,,,,,,,,
,,27,,,,,,,,,,,,,,,,,,,,
,,28,,,,,,,,,,,,,,,,,,,,
,,29,,,,,,,,,,,,,,,,,,,,
,,30,,,,,,,,,,,,,,,,,,,,
,,31,,,,,,,,,,,,,,,,,,,,
,,physicians_number,,,,,,,,,,,,,,,,,,,,
,,1,,,,,,,,,,,,,,,,,,,,
,,2,,,,,,,,,,,,,,,,,,,,
,,3,,,,,,,,,,,,,,,,,,,,
,,4,,,,,,,,,,,,,,,,,,,,
,,5,,,,,,,,,,,,,,,,,,,,
,,6,,,,,,,,,,,,,,,,,,,,
,,7,,,,,,,,,,,,,,,,,,,,
,,8,,,,,,,,,,,,,,,,,,,,
,,9,,,,,,,,,,,,,,,,,,,,
,,10,,,,,,,,,,,,,,,,,,,,
,,11,,,,,,,,,,,,,,,,,,,,
,,12,,,,,,,,,,,,,,,,,,,,
,,13,,,,,,,,,,,,,,,,,,,,
,,14,,,,,,,,,,,,,,,,,,,,
,,15,,,,,,,,,,,,,,,,,,,,
,,16,,,,,,,,,,,,,,,,,,,,
,,17,,,,,,,,,,,,,,,,,,,,
,,18,,,,,,,,,,,,,,,,,,,,
,,19,,,,,,,,,,,,,,,,,,,,
,,20,,,,,,,,,,,,,,,,,,,,
,,21,,,,,,,,,,,,,,,,,,,,
,,22,,,,,,,,,,,,,,,,,,,,
,,23,,,,,,,,,,,,,,,,,,,,
,,24,,,,,,,,,,,,,,,,,,,,
,,25,,,,,,,,,,,,,,,,,,,,
,,26,,,,,,,,,,,,,,,,,,,,
,,27,,,,,,,,,,,,,,,,,,,,
,,28,,,,,,,,,,,,,,,,,,,,
,,29,,,,,,,,,,,,,,,,,,,,
,,30,,,,,,,,,,,,,,,,,,,,
,,31,,,,,,,,,,,,,,,,,,,,
,,physicians_number,,,,,,,,,,,,,,,,,,,,
,,1,,,,,,,,,,,,,,,,,,,,
,,2,,,,,,,,,,,,,,,,,,,,
,,3,,,,,,,,,,,,,,,,,,,,
,,4,,,,,,,,,,,,,,,,,,,,
,,5,,,,,,,,,,,,,,,,,,,,
,,6,,,,,,,,,,,,,,,,,,,,
,,7,,,,,,,,,,,,,,,,,,,,
,,8,,,,,,,,,,,,,,,,,,,,
,,9,,,,,,,,,,,,,,,,,,,,
,,10,,,,,,,,,,,,,,,,,,,,
,,11,,,,,,,,,,,,,,,,,,,,
,,12,,,,,,,,,,,,,,,,,,,,
,,13,,,,,,,,,,,,,,,,,,,,
,,14,,,,,,,,,,,,,,,,,,,,
,,15,,,,,,,,,,,,,,,,,,,,
,,16,,,,,,,,,,,,,,,,,,,,
,,17,,,,,,,,,,,,,,,,,,,,
,,18,,,,,,,,,,,,,,,,,,,,
,,19,,,,,,,,,,,,,,,,,,,,
,,20,,,,,,,,,,,,,,,,,,,,
,,21,,,,,,,,,,,,,,,,,,,,
,,22,,,,,,,,,,,,,,,,,,,,
,,23,,,,,,,,,,,,,,,,,,,,
,,24,,,,,,,,,,,,,,,,,,,,
,,25,,,,,,,,,,,,,,,,,,,,
,,26,,,,,,,,,,,,,,,,,,,,
,,27,,,,,,,,,,,,,,,,,,,,
,,28,,,,,,,,,,,,,,,,,,,,
,,29,,,,,,,,,,,,,,,,,,,,
,,30,,,,,,,,,,,,,,,,,,,,
,,31,,,,,,,,,,,,,,,,,,,,
,,physicians_number,,,,,,,,,,,,,,,,,,,,
,,1,,,,,,,,,,,,,,,,,,,,
,,2,,,,,,,,,,,,,,,,,,,,
,,3,,,,,,,,,,,,,,,,,,,,
,,4,,,,,,,,,,,,,,,,,,,,
,,5,,,,,,,,,,,,,,,,,,,,
,,6,,,,,,,,,,,,,,,,,,,,
,,7,,,,,,,,,,,,,,,,,,,,
,,8,,,,,,,,,,,,,,,,,,,,
,,9,,,,,,,,,,,,,,,,,,,,
,,10,,,,,,,,,,,,,,,,,,,,
,,11,,,,,,,,,,,,,,,,,,,,
,,12,,,,,,,,,,,,,,,,,,,,
,,13,,,,,,,,,,,,,,,,,,,,
,,14,,,,,,,,,,,,,,,,,,,,
,,15,,,,,,,,,,,,,,,,,,,,
,,16,,,,,,,,,,,,,,,,,,,,
,,17,,,,,,,,,,,,,,,,,,,,
,,18,,,,,,,,,,,,,,,,,,,,
,,19,,,,,,,,,,,,,,,,,,,,
,,20,,,,,,,,,,,,,,,,,,,,
,,21,,,,,,,,,,,,,,,,,,,,
,,22,,,,,,,,,,,,,,,,,,,,
,,23,,,,,,,,,,,,,,,,,,,,
,,24,,,,,,,,,,,,,,,,,,,,
,,25,,,,,,,,,,,,,,,,,,,,
,,26,,,,,,,,,,,,,,,,,,,,
,,27,,,,,,,,,,,,,,,,,,,,
,,28,,,,,,,,,,,,,,,,,,,,
,,29,,,,,,,,,,,,,,,,,,,,
,,30,,,,,,,,,,,,,,,,,,,,
,,31,,,,,,,,,,,,,,,,,,,,
,,physicians_number,,,,,,,,,,,,,,,,,,,,
,,1,,,,,,,,,,,,,,,,,,,,
,,2,,,,,,,,,,,,,,,,,,,,
,,3,,,,,,,,,,,,,,,,,,,,
,,4,,,,,,,,,,,,,,,,,,,,
,,5,,,,,,,,,,,,,,,,,,,,
,,6,,,,,,,,,,,,,,,,,,,,
,,7,,,,,,,,,,,,,,,,,,,,
,,8,,,,,,,,,,,,,,,,,,,,
,,9,,,,,,,,,,,,,,,,,,,,
,,10,,,,,,,,,,,,,,,,,,,,
,,11,,,,,,,,,,,,,,,,,,,,
,,12,,,,,,,,,,,,,,,,,,,,
,,13,,,,,,,,,,,,,,,,,,,,
,,14,,,,,,,,,,,,,,,,,,,,
,,15,,,,,,,,,,,,,,,,,,,,
,,16,,,,,,,,,,,,,,,,,,,,
,,17,,,,,,,,,,,,,,,,,,,,
,,18,,,,,,,,,,,,,,,,,,,,
,,19,,,,,,,,,,,,,,,,,,,,
,,20,,,,,,,,,,,,,,,,,,,,
,,21,,,,,,,,,,,,,,,,,,,,
,,22,,,,,,,,,,,,,,,,,,,,
,,23,,,,,,,,,,,,,,,,,,,,
,,24,,,,,,,,,,,,,,,,,,,,
,,25,,,,,,,,,,,,,,,,,,,,
,,26,,,,,,,,,,,,,,,,,,,,
,,27,,,,,,,,,,,,,,,,,,,,
,,28,,,,,,,,,,,,,,,,,,,,
,,29,,,,,,,,,,,,,,,,,,,,
,,30,,,,,,,,,,,,,,,,,,,,
,,31,,,,,,,,,,,,,,,,,,,,
,,physicians_number,,,,,,,,,,,,,,,,,,,,
,,1,,,,,,,,,,,,,,,,,,,,
,,2,,,,,,,,,,,,,,,,,,,,
,,3,,,,,,,,,,,,,,,,,,,,
,,4,,,,,,,,,,,,,,,,,,,,
,,5,,,,,,,,,,,,,,,,,,,,
,,6,,,,,,,,,,,,,,,,,,,,
,,7,,,,,,,,,,,,,,,,,,,,
,,8,,,,,,,,,,,,,,,,,,,,
,,9,,,,,,,,,,,,,,,,,,,,
,,10,,,,,,,,,,,,,,,,,,,,
,,11,,,,,,,,,,,,,,,,,,,,
,,12,,,,,,,,,,,,,,,,,,,,
,,13,,,,,,,,,,,,,,,,,,,,
,,14,,,,,,,,,,,,,,,,,,,,
,,15,,,,,,,,,,,,,,,,,,,,
,,16,,,,,,,,,,,,,,,,,,,,
,,17,,,,,,,,,,,,,,,,,,,,
,,18,,,,,,,,,,,,,,,,,,,,
,,19,,,,,,,,,,,,,,,,,,,,
,,20,,,,,,,,,,,,,,,,,,,,
,,21,,,,,,,,,,,,,,,,,,,,
,,22,,,,,,,,,,,,,,,,,,,,
,,23,,,,,,,,,,,,,,,,,,,,
,,24,,,,,,,,,,,,,,,,,,,,
,,25,,,,,,,,,,,,,,,,,,,,
,,26,,,,,,,,,,,,,,,,,,,,
,,27,,,,,,,,,,,,,,,,,,,,
,,28,,,,,,,,,,,,,,,,,,,,
,,29,,,,,,,,,,,,,,,,,,,,
,,30,,,,,,,,,,,,,,,,,,,,
,,31,,,,,,,,,,,,,,,,,,,,
,,physicians_number,,,,,,,,,,,,,,,,,,,,
,,1,,,,,,,,,,,,,,,,,,,,
,,2,,,,,,,,,,,,,,,,,,,,
,,3,,,,,,,,,,,,,,,,,,,,
,,4,,,,,,,,,,,,,,,,,,,,
,,5,,,,,,,,,,,,,,,,,,,,
,,6,,,,,,,,,,,,,,,,,,,,
,,7,,,,,,,,,,,,,,,,,,,,
,,8,,,,,,,,,,,,,,,,,,,,
,,9,,,,,,,,,,,,,,,,,,,,
,,10,,,,,,,,,,,,,,,,,,,,
,,11,,,,,,,,,,,,,,,,,,,,
,,12,,,,,,,,,,,,,,,,,,,,
,,13,,,,,,,,,,,,,,,,,,,,
,,14,,,,,,,,,,,,,,,,,,,,
,,15,,,,,,,,,,,,,,,,,,,,
,,16,,,,,,,,,,,,,,,,,,,,
,,17,,,,,,,,,,,,,,,,,,,,
,,18,,,,,,,,,,,,,,,,,,,,
,,19,,,,,,,,,,,,,,,,,,,,
,,20,,,,,,,,,,,,,,,,,,,,
,,21,,,,,,,,,,,,,,,,,,,,
,,22,,,,,,,,,,,,,,,,,,,,
,,23,,,,,,,,,,,,,,,,,,,,
,,24,,,,,,,,,,,,,,,,,,,,
,,25,,,,,,,,,,,,,,,,,,,,
,,26,,,,,,,,,,,,,,,,,,,,
,,27,,,,,,,,,,,,,,,,,,,,
,,28,,,,,,,,,,,,,,,,,,,,
,,29,,,,,,,,,,,,,,,,,,,,
,,30,,,,,,,,,,,,,,,,,,,,
,,31,,,,,,,,,,,,,,,,,,,,
,,physicians_number,,,,,,,,,,,,,,,,,,,,
,,1,,,,,,,,,,,,,,,,,,,,
,,2,,,,,,,,,,,,,,,,,,,,
,,3,,,,,,,,,,,,,,,,,,,,
,,4,,,,,,,,,,,,,,,,,,,,
,,5,,,,,,,,,,,,,,,,,,,,
,,6,,,,,,,,,,,,,,,,,,,,
,,7,,,,,,,,,,,,,,,,,,,,
,,8,,,,,,,,,,,,,,,,,,,,
,,9,,,,,,,,,,,,,,,,,,,,
,,10,,,,,,,,,,,,,,,,,,,,
,,11,,,,,,,,,,,,,,,,,,,,
,,12,,,,,,,,,,,,,,,,,,,,
,,13,,,,,,,,,,,,,,,,,,,,
,,14,,,,,,,,,,,,,,,,,,,,
,,15,,,,,,,,,,,,,,,,,,,,
,,16,,,,,,,,,,,,,,,,,,,,
,,17,,,,,,,,,,,,,,,,,,,,
,,18,,,,,,,,,,,,,,,,,,,,
,,19,,,,,,,,,,,,,,,,,,,,
,,20,,,,,,,,,,,,,,,,,,,,
,,21,,,,,,,,,,,,,,,,,,,,
,,22,,,,,,,,,,,,,,,,,,,,
,,23,,,,,,,,,,,,,,,,,,,,
,,24,,,,,,,,,,,,,,,,,,,,
,,25,,,,,,,,,,,,,,,,,,,,
,,26,,,,,,,,,,,,,,,,,,,,
,,27,,,,,,,,,,,,,,,,,,,,
,,28,,,,,,,,,,,,,,,,,,,,
,,29,,,,,,,,,,,,,,,,,,,,
,,30,,,,,,,,,,,,,,,,,,,,
,,31,,,,,,,,,,,,,,,,,,,,
,,physicians_number,,,,,,,,,,,,,,,,,,,,
,,1,,,,,,,,,,,,,,,,,,,,
,,2,,,,,,,,,,,,,,,,,,,,
,,3,,,,,,,,,,,,,,,,,,,,
,,4,,,,,,,,,,,,,,,,,,,,
,,5,,,,,,,,,,,,,,,,,,,,
,,6,,,,,,,,,,,,,,,,,,,,
,,7,,,,,,,,,,,,,,,,,,,,
,,8,,,,,,,,,,,,,,,,,,,,
,,9,,,,,,,,,,,,,,,,,,,,
,,10,,,,,,,,,,,,,,,,,,,,
,,11,,,,,,,,,,,,,,,,,,,,
,,12,,,,,,,,,,,,,,,,,,,,
,,13,,,,,,,,,,,,,,,,,,,,
,,14,,,,,,,,,,,,,,,,,,,,
,,15,,,,,,,,,,,,,,,,,,,,
,,16,,,,,,,,,,,,,,,,,,,,
,,17,,,,,,,,,,,,,,,,,,,,
,,18,,,,,,,,,,,,,,,,,,,,
,,19,,,,,,,,,,,,,,,,,,,,
,,20,,,,,,,,,,,,,,,,,,,,
,,21,,,,,,,,,,,,,,,,,,,,
,,22,,,,,,,,,,,,,,,,,,,,
,,23,,,,,,,,,,,,,,,,,,,,
,,24,,,,,,,,,,,,,,,,,,,,
,,25,,,,,,,,,,,,,,,,,,,,
,,26,,,,,,,,,,,,,,,,,,,,
,,27,,,,,,,,,,,,,,,,,,,,
,,28,,,,,,,,,,,,,,,,,,,,
,,29,,,,,,,,,,,,,,,,,,,,
,,30,,,,,,,,,,,,,,,,,,,,
,,31,,,,,,,,,,,,,,,,,,,,
,,physicians_number,,,,,,,,,,,,,,,,,,,,
,,1,,,,,,,,,,,,,,,,,,,,
,,2,,,,,,,,,,,,,,,,,,,,
,,3,,,,,,,,,,,,,,,,,,,,
,,4,,,,,,,,,,,,,,,,,,,,
,,5,,,,,,,,,,,,,,,,,,,,
,,6,,,,,,,,,,,,,,,,,,,,
,,7,,,,,,,,,,,,,,,,,,,,
,,8,,,,,,,,,,,,,,,,,,,,
,,9,,,,,,,,,,,,,,,,,,,,
,,10,,,,,,,,,,,,,,,,,,,,
,,11,,,,,,,,,,,,,,,,,,,,
,,12,,,,,,,,,,,,,,,,,,,,
,,13,,,,,,,,,,,,,,,,,,,,
,,14,,,,,,,,,,,,,,,,,,,,
,,15,,,,,,,,,,,,,,,,,,,,
,,16,,,,,,,,,,,,,,,,,,,,
,,17,,,,,,,,,,,,,,,,,,,,
,,18,,,,,,,,,,,,,,,,,,,,
,,19,,,,,,,,,,,,,,,,,,,,
,,20,,,,,,,,,,,,,,,,,,,,
,,21,,,,,,,,,,,,,,,,,,,,
,,22,,,,,,,,,,,,,,,,,,,,
,,23,,,,,,,,,,,,,,,,,,,,
,,24,,,,,,,,,,,,,,,,,,,,
,,25,,,,,,,,,,,,,,,,,,,,
,,26,,,,,,,,,,,,,,,,,,,,
,,27,,,,,,,,,,,,,,,,,,,,
,,28,,,,,,,,,,,,,,,,,,,,
,,29,,,,,,,,,,,,,,,,,,,,
,,30,,,,,,,,,,,,,,,,,,,,
,,31,,,,,,,,,,,,,,,,,,,,
,,physicians_number,,,,,,,,,,,,,,,,,,,,
,,1,,,,,,,,,,,,,,,,,,,,
,,2,,,,,,,,,,,,,,,,,,,,
,,3,,,,,,,,,,,,,,,,,,,,
,,4,,,,,,,,,,,,,,,,,,,,
,,5,,,,,,,,,,,,,,,,,,,,
,,6,,,,,,,,,,,,,,,,,,,,
,,7,,,,,,,,,,,,,,,,,,,,
,,8,,,,,,,,,,,,,,,,,,,,
,,9,,,,,,,,,,,,,,,,,,,,
,,10,,,,,,,,,,,,,,,,,,,,
,,11,,,,,,,,,,,,,,,,,,,,
,,12,,,,,,,,,,,,,,,,,,,,
,,13,,,,,,,,,,,,,,,,,,,,
,,14,,,,,,,,,,,,,,,,,,,,
,,15,,,,,,,,,,,,,,,,,,,,
,,16,,,,,,,,,,,,,,,,,,,,
,,17,,,,,,,,,,,,,,,,,,,,
,,18,,,,,,,,,,,,,,,,,,,,
,,19,,,,,,,,,,,,,,,,,,,,
,,20,,,,,,,,,,,,,,,,,,,,
,,21,,,,,,,,,,,,,,,,,,,,
,,22,,,,,,,,,,,,,,,,,,,,
,,23,,,,,,,,,,,,,,,,,,,,
,,24,,,,,,,,,,,,,,,,,,,,
,,25,,,,,,,,,,,,,,,,,,,,
,,26,,,,,,,,,,,,,,,,,,,,
,,27,,,,,,,,,,,,,,,,,,,,
,,28,,,,,,,,,,,,,,,,,,,,
,,29,,,,,,,,,,,,,,,,,,,,
,,30,,,,,,,,,,,,,,,,,,,,
,,31,,,,,,,,,,,,,,,,,,,,
,,physicians_number,,,,,,,,,,,,,,,,,,,,
,,1,,,,,,,,,,,,,,,,,,,,
,,2,,,,,,,,,,,,,,,,,,,,
,,3,,,,,,,,,,,,,,,,,,,,
,,4,,,,,,,,,,,,,,,,,,,,
,,5,,,,,,,,,,,,,,,,,,,,
,,6,,,,,,,,,,,,,,,,,,,,
,,7,,,,,,,,,,,,,,,,,,,,
,,8,,,,,,,,,,,,,,,,,,,,
,,9,,,,,,,,,,,,,,,,,,,,
,,10,,,,,,,,,,,,,,,,,,,,
,,11,,,,,,,,,,,,,,,,,,,,
,,12,,,,,,,,,,,,,,,,,,,,
,,13,,,,,,,,,,,,,,,,,,,,
,,14,,,,,,,,,,,,,,,,,,,,
,,15,,,,,,,,,,,,,,,,,,,,
,,16,,,,,,,,,,,,,,,,,,,,
,,17,,,,,,,,,,,,,,,,,,,,
,,18,,,,,,,,,,,,,,,,,,,,
,,19,,,,,,,,,,,,,,,,,,,,
,,20,,,,,,,,,,,,,,,,,,,,
,,21,,,,,,,,,,,,,,,,,,,,
,,22,,,,,,,,,,,,,,,,,,,,
,,23,,,,,,,,,,,,,,,,,,,,
,,24,,,,,,,,,,,,,,,,,,,,
,,25,,,,,,,,,,,,,,,,,,,,
,,26,,,,,,,,,,,,,,,,,,,,
,,27,,,,,,,,,,,,,,,,,,,,
,,28,,,,,,,,,,,,,,,,,,,,
,,29,,,,,,,,,,,,,,,,,,,,
,,30,,,,,,,,,,,,,,,,,,,,
,,31,,,,,,,,,,,,,,,,,,,,
,,physicians_number,,,,,,,,,,,,,,,,,,,,
,,1,,,,,,,,,,,,,,,,,,,,
,,2,,,,,,,,,,,,,,,,,,,,
,,3,,,,,,,,,,,,,,,,,,,,
,,4,,,,,,,,,,,,,,,,,,,,
,,5,,,,,,,,,,,,,,,,,,,,
,,6,,,,,,,,,,,,,,,,,,,,
,,7,,,,,,,,,,,,,,,,,,,,
,,8,,,,,,,,,,,,,,,,,,,,
,,9,,,,,,,,,,,,,,,,,,,,
,,10,,,,,,,,,,,,,,,,,,,,
,,11,,,,,,,,,,,,,,,,,,,,
,,12,,,,,,,,,,,,,,,,,,,,
,,13,,,,,,,,,,,,,,,,,,,,
,,14,,,,,,,,,,,,,,,,,,,,
,,15,,,,,,,,,,,,,,,,,,,,
,,16,,,,,,,,,,,,,,,,,,,,
,,17,,,,,,,,,,,,,,,,,,,,
,,18,,,,,,,,,,,,,,,,,,,,
,,19,,,,,,,,,,,,,,,,,,,,
,,20,,,,,,,,,,,,,,,,,,,,
,,21,,,,,,,,,,,,,,,,,,,,
,,22,,,,,,,,,,,,,,,,,,,,
,,23,,,,,,,,,,,,,,,,,,,,
,,24,,,,,,,,,,,,,,,,,,,,
,,25,,,,,,,,,,,,,,,,,,,,
,,26,,,,,,,,,,,,,,,,,,,,
,,27,,,,,,,,,,,,,,,,,,,,
,,28,,,,,,,,,,,,,,,,,,,,
,,29,,,,,,,,,,,,,,,,,,,,
,,30,,,,,,,,,,,,,,,,,,,,
,,31,,,,,,,,,,,,,,,,,,,,
,,physicians_number,,,,,,,,,,,,,,,,,,,,
,,1,,,,,,,,,,,,,,,,,,,,
,,2,,,,,,,,,,,,,,,,,,,,
,,3,,,,,,,,,,,,,,,,,,,,
,,4,,,,,,,,,,,,,,,,,,,,
,,5,,,,,,,,,,,,,,,,,,,,
,,6,,,,,,,,,,,,,,,,,,,,
,,7,,,,,,,,,,,,,,,,,,,,
,,8,,,,,,,,,,,,,,,,,,,,
,,9,,,,,,,,,,,,,,,,,,,,
,,10,,,,,,,,,,,,,,,,,,,,
,,11,,,,,,,,,,,,,,,,,,,,
,,12,,,,,,,,,,,,,,,,,,,,
,,13,,,,,,,,,,,,,,,,,,,,
,,14,,,,,,,,,,,,,,,,,,,,
,,15,,,,,,,,,,,,,,,,,,,,
,,16,,,,,,,,,,,,,,,,,,,,
,,17,,,,,,,,,,,,,,,,,,,,
,,18,,,,,,,,,,,,,,,,,,,,
,,19,,,,,,,,,,,,,,,,,,,,
,,20,,,,,,,,,,,,,,,,,,,,
,,21,,,,,,,,,,,,,,,,,,,,
,,22,,,,,,,,,,,,,,,,,,,,
,,23,,,,,,,,,,,,,,,,,,,,
,,24,,,,,,,,,,,,,,,,,,,,
,,25,,,,,,,,,,,,,,,,,,,,
,,26,,,,,,,,,,,,,,,,,,,,
,,27,,,,,,,,,,,,,,,,,,,,
,,28,,,,,,,,,,,,,,,,,,,,
,,29,,,,,,,,,,,,,,,,,,,,
,,30,,,,,,,,,,,,,,,,,,,,
,,31,,,,,,,,,,,,,,,,,,,,
,,physicians_number,,,,,,,,,,,,,,,,,,,,
,,1,,,,,,,,,,,,,,,,,,,,
,,2,,,,,,,,,,,,,,,,,,,,
,,3,,,,,,,,,,,,,,,,,,,,
,,4,,,,,,,,,,,,,,,,,,,,
,,5,,,,,,,,,,,,,,,,,,,,
,,6,,,,,,,,,,,,,,,,,,,,
,,7,,,,,,,,,,,,,,,,,,,,
,,8,,,,,,,,,,,,,,,,,,,,
,,9,,,,,,,,,,,,,,,,,,,,
,,10,,,,,,,,,,,,,,,,,,,,
,,11,,,,,,,,,,,,,,,,,,,,
,,12,,,,,,,,,,,,,,,,,,,,
,,13,,,,,,,,,,,,,,,,,,,,
,,14,,,,,,,,,,,,,,,,,,,,
,,15,,,,,,,,,,,,,,,,,,,,
,,16,,,,,,,,,,,,,,,,,,,,
,,17,,,,,,,,,,,,,,,,,,,,
,,18,,,,,,,,,,,,,,,,,,,,
,,19,,,,,,,,,,,,,,,,,,,,
,,20,,,,,,,,,,,,,,,,,,,,
,,21,,,,,,,,,,,,,,,,,,,,
,,22,,,,,,,,,,,,,,,,,,,,
,,23,,,,,,,,,,,,,,,,,,,,
,,24,,,,,,,,,,,,,,,,,,,,
,,25,,,,,,,,,,,,,,,,,,,,
,,26,,,,,,,,,,,,,,,,,,,,
,,27,,,,,,,,,,,,,,,,,,,,
,,28,,,,,,,,,,,,,,,,,,,,
,,29,,,,,,,,,,,,,,,,,,,,
,,30,,,,,,,,,,,,,,,,,,,,
,,31,,,,,,,,,,,,,,,,,,,,